origin,uniquecarrier,averagedeparturedelay
LNY,HA,-4.503623188
BZN,9E,41.5625
BZN,CO,6.994622968
BZN,DL,5.257426229
BZN,EV,8.983679525
BZN,F9,-25
BZN,NW,2.611513953
BZN,OO,4.055379665
BZN,UA,8.981042654
BTR,9E,4.51434644
BTR,AA,3.401580699
BTR,CO,3.853995103
BTR,DL,8.208059807
BTR,EV,16.17732429
BTR,F9,16
BTR,MQ,9.424479436
BTR,NW,0.540723838
BTR,OH,11.00657174
BTR,OO,90
BTR,XE,6.490461049
MSY,9E,-0.875
MSY,AA,5.854264074
MSY,B6,10.86518171
MSY,CO,6.118361533
MSY,DH,13.98360656
MSY,DL,5.803804682
MSY,EA,6.388985507
MSY,EV,9.688370975
MSY,F9,4.464285714
MSY,FL,10.03918808
MSY,HP,2.832708529
MSY,ML (1),10.1981982
MSY,NW,2.039633396
MSY,OH,12.56776804
MSY,OO,6.536293164
MSY,PA (1),5.97824195
MSY,PI,3.646011396
MSY,TW,7.049385412
MSY,UA,7.576678254
MSY,US,5.783752813
MSY,WN,8.141239921
MSY,XE,4.213003293
MSY,YV,6.565789474
JNU,AS,11.89572995
JNU,DL,7.72835443
PSP,AA,6.651418115
PSP,AS,8.828982438
PSP,CO,3.568965517
PSP,DL,4.657838531
PSP,EV,11.2005814
PSP,HP,3.02190428
PSP,MQ,2.757790055
PSP,NW,3.721174004
PSP,OO,6.485226236
PSP,PS,13.07692308
PSP,TW,1.443637342
PSP,UA,7.389402697
PSP,US,8.987459359
PSP,XE,-0.697690217
PSP,YV,4.606523955
PHF,DL,3.962492053
PHF,EV,12.80645161
PHF,FL,9.157126878
PHF,OH,12.28229665
PHF,US,3.460156065
PHF,YV,5.083333333
FLG,HP,3.930189891
FLG,YV,4.376794017
HVN,OH,5.67265964
HVN,UA,8.350659278
RKS,OO,-2.759036145
RKS,YV,2.548309179
DFW,9E,12.59606987
DFW,AA,10.19458125
DFW,AS,8.481222151
DFW,CO,6.705893809
DFW,DL,8.137564652
DFW,EA,5.664396285
DFW,EV,8.302888252
DFW,F9,4.839170444
DFW,FL,9.309728183
DFW,HP,6.595960516
DFW,ML (1),6.038547072
DFW,MQ,9.850623141
DFW,NW,2.554953684
DFW,OH,10.09300912
DFW,OO,7.183868651
DFW,PA (1),5.804021011
DFW,PI,10.47161006
DFW,TW,4.349394133
DFW,TZ,3.212258454
DFW,UA,9.072022706
DFW,US,6.88366231
DFW,XE,5.060111836
DFW,YV,9.992549669
ILE,EV,3.240102171
ILE,MQ,-0.07859837
ILE,OO,10.07870116
ILE,XE,3.083573487
EWN,EV,12.25837321
LAN,9E,6.202574526
LAN,CO,4.444576877
LAN,DH,6.851915999
LAN,EV,13.47813195
LAN,NW,2.202548102
LAN,OH,2.954570485
LAN,OO,12.09541223
LAN,PI,4.394549763
LAN,US,2.692563818
LAN,YV,23.71727227
LIH,AA,7.028194147
LIH,AQ,-0.57176458
LIH,AS,0.261580381
LIH,DL,1.037037037
LIH,HA,-2.800648139
LIH,TZ,12.24806202
LIH,UA,3.373358706
LIH,US,3.074683544
LIH,YV,-0.392561338
ALB,9E,10.96269982
ALB,AA,3.809371933
ALB,DH,7.428440367
ALB,DL,7.793879623
ALB,EA,7.36036036
ALB,EV,16.26843413
ALB,ML (1),7.7
ALB,MQ,9.811905668
ALB,NW,3.618078396
ALB,OH,5.807778053
ALB,OO,11.32912844
ALB,PI,5.578436658
ALB,UA,11.38998714
ALB,US,5.395642036
ALB,WN,8.015337423
ALB,XE,10.97239511
ALB,YV,4.897959184
JAX,9E,6.655747837
JAX,AA,4.698735059
JAX,B6,13.88115942
JAX,CO,8.169078493
JAX,DH,8.180896478
JAX,DL,6.770448308
JAX,EA,5.863398254
JAX,EV,7.339734121
JAX,F9,5.612121212
JAX,FL,8.17641419
JAX,ML (1),24.46153846
JAX,MQ,12.40404192
JAX,NW,6.29001012
JAX,OH,11.37550155
JAX,OO,13.59757331
JAX,PA (1),7.117893477
JAX,PI,6.906023248
JAX,TW,3.685176272
JAX,UA,7.187135922
JAX,US,6.164165084
JAX,WN,8.26131857
JAX,XE,8.600728415
JAX,YV,14.62828414
EFD,CO,3.30675526
EFD,XE,-2.04395177
FWA,9E,14.83706966
FWA,AA,4.514571681
FWA,DH,7.344835414
FWA,DL,5.05532968
FWA,EV,13.74721903
FWA,MQ,6.844297542
FWA,NW,0.948850761
FWA,OH,2.384454331
FWA,OO,12.26630895
FWA,PI,2.693611473
FWA,US,2.093577982
FWA,YV,22.72599532
GTR,EV,11.61843591
WRG,AS,10.44661777
BUF,9E,7.221079692
BUF,AA,4.086472577
BUF,B6,12.01740515
BUF,CO,8.970272117
BUF,DH,6.491078012
BUF,DL,8.366788188
BUF,EA,6.361126761
BUF,EV,16.26143058
BUF,FL,7.770295418
BUF,ML (1),8.944444444
BUF,MQ,12.02151871
BUF,NW,2.214727933
BUF,OH,12.25707374
BUF,OO,6.891834571
BUF,PI,5.184121622
BUF,UA,8.224828496
BUF,US,6.907221249
BUF,WN,8.011354517
BUF,XE,13.99616199
BUF,YV,22.51002227
BFF,OO,131
DTW,9E,8.450928039
DTW,AA,5.480195114
DTW,CO,8.421427019
DTW,DH,4.921759941
DTW,DL,6.88120641
DTW,EA,8.349520871
DTW,EV,15.50424628
DTW,F9,3.711527541
DTW,FL,6.032470093
DTW,HP,10.04556403
DTW,ML (1),5.039627982
DTW,MQ,14.42871416
DTW,NW,9.260646425
DTW,OH,8.088793795
DTW,OO,16.867338
DTW,PA (1),3.353455123
DTW,PI,7.563982213
DTW,TW,8.187567847
DTW,UA,8.253871495
DTW,US,5.155072252
DTW,WN,9.916651758
DTW,XE,14.22184954
DTW,YV,13.97540833
DCA,9E,8.682017544
DCA,AA,5.401054769
DCA,AS,4.586764706
DCA,CO,5.184968255
DCA,DH,6.830078125
DCA,DL,4.85877098
DCA,EA,7.513846858
DCA,EV,8.317006337
DCA,F9,1.374016816
DCA,FL,7.188066168
DCA,HP,6.455230332
DCA,ML (1),4.082579186
DCA,MQ,8.809768595
DCA,NW,4.093015499
DCA,OH,8.586164657
DCA,PA (1),2.956677538
DCA,PI,7.370459155
DCA,TW,8.360546138
DCA,TZ,2.538294083
DCA,UA,6.581247281
DCA,US,5.804658299
DCA,XE,4.953587302
DCA,YV,10.53030303
MOB,9E,3.953785644
MOB,AA,1.968379071
MOB,CO,3.380434783
MOB,DL,7.545659921
MOB,EA,5.529818275
MOB,EV,12.85892914
MOB,MQ,9.965509365
MOB,NW,1.200610759
MOB,OH,21.25
MOB,OO,4.2
MOB,US,3.163878725
MOB,XE,3.423016921
MOB,YV,1.608142494
AVL,9E,6.760527651
AVL,DH,3.569482289
AVL,DL,6.088189284
AVL,EV,13.35206624
AVL,OH,5.142574257
AVL,PI,6.222313822
AVL,US,2.751239337
AVL,XE,14.23351955
AVL,YV,-1.882352941
EKO,OO,2.394819596
IAH,9E,8.396477868
IAH,AA,5.703959138
IAH,CO,7.734274358
IAH,DL,7.179487802
IAH,EA,10.59090909
IAH,EV,12.06480118
IAH,F9,5.545243619
IAH,HP,6.818603403
IAH,MQ,6.712973594
IAH,NW,3.563710612
IAH,OH,10.04932039
IAH,OO,6.587958222
IAH,PA (1),3.984727273
IAH,PI,3.988666865
IAH,TW,6.048777414
IAH,UA,7.449148122
IAH,US,5.060267573
IAH,WN,6.231133355
IAH,XE,6.748646371
IAH,YV,11.1787139
LSE,9E,6.227642276
LSE,MQ,8.047287566
LSE,NW,0.946394048
ROW,MQ,8.57946693
CDC,OO,3.519001387
CYS,OO,145
PIT,9E,6.83620178
PIT,AA,4.393679097
PIT,B6,15.20212766
PIT,CO,6.509817472
PIT,DH,5.137739178
PIT,DL,4.178031099
PIT,EA,6.189501611
PIT,EV,12.15277383
PIT,FL,6.147881564
PIT,HA,52
PIT,HP,4.636156907
PIT,ML (1),8.044176707
PIT,MQ,12.33180539
PIT,NW,2.849997704
PIT,OH,9.602930914
PIT,OO,11.23312153
PIT,PA (1),8.607226497
PIT,PI,6.10009058
PIT,TW,5.177938668
PIT,TZ,1.119503946
PIT,UA,8.776497112
PIT,US,8.625947185
PIT,WN,11.15969903
PIT,XE,14.36509405
PIT,YV,18.62321839
ONT,AA,3.955900713
ONT,AS,6.630538422
ONT,B6,17.06590136
ONT,CO,2.654879141
ONT,DL,5.080159416
ONT,EV,8.591443347
ONT,HA,9.25
ONT,HP,3.507535229
ONT,NW,4.237653298
ONT,OO,5.511950582
ONT,PS,6.158291457
ONT,TW,4.543066509
ONT,TZ,4.093117409
ONT,UA,7.853201982
ONT,US,5.332772248
ONT,WN,7.06348745
ONT,XE,5.878368429
ONT,YV,3.157258065
OAJ,EV,12.76522163
OAJ,PI,5.385884158
OAJ,US,2.284214273
OAJ,YV,10
HDN,AA,19.13432532
HDN,CO,6.182596291
HDN,DL,9.562893082
HDN,EV,7.263157895
HDN,HP,6.53125
HDN,NW,9.295594262
HDN,OO,7.709553529
HDN,TW,11.14834206
HDN,UA,5.264820424
HDN,XE,-0.51641791
HDN,YV,3.907334526
DSM,9E,9.38145124
DSM,AA,4.27258326
DSM,CO,12
DSM,DH,5.486607143
DSM,EV,13.12752076
DSM,HP,3.738733726
DSM,ML (1),3.580952381
DSM,MQ,10.02313502
DSM,NW,2.261040939
DSM,OH,3.698808534
DSM,OO,9.432098765
DSM,TW,3.187379909
DSM,UA,7.251433667
DSM,US,1.783171521
DSM,XE,3.50671785
DSM,YV,10.26171429
BMI,DH,9.772292994
BMI,EV,14.14640995
BMI,FL,8.570319001
BMI,MQ,6.596880708
BMI,OO,8.747159091
BMI,YV,25.24765416
PVD,AA,5.029962305
PVD,CO,4.877526997
PVD,DH,6.860245273
PVD,DL,5.682845837
PVD,EA,7.529302899
PVD,EV,16.96329705
PVD,ML (1),13.33333333
PVD,MQ,12.34924946
PVD,NW,2.168410546
PVD,OH,7.173925501
PVD,OO,21.3318872
PVD,PI,8.587027027
PVD,UA,8.029458833
PVD,US,5.241220668
PVD,WN,9.007495076
PVD,XE,13.60933756
PVD,YV,14.54051864
PSG,AS,12.8231374
CMI,DH,6.027888446
CMI,EV,6.665137615
CMI,MQ,8.016004887
CMI,OH,0.611626469
CMI,PI,4.45562835
CMI,TW,4.120615385
CMI,US,2.033047347
FAR,9E,7.303202847
FAR,AA,4.177777778
FAR,CO,8.777777778
FAR,DH,12.51570133
FAR,NW,2.121337134
FAR,OO,9.055188561
FAR,UA,2.315568611
BDL,9E,7.058482918
BDL,AA,4.982267235
BDL,CO,2.956753914
BDL,DH,6.484836472
BDL,DL,5.19112628
BDL,EA,8.745290613
BDL,EV,22.28358209
BDL,F9,-0.162162162
BDL,HP,7.239339752
BDL,ML (1),8.548022599
BDL,MQ,9.117110631
BDL,NW,3.526393704
BDL,OH,8.90875817
BDL,OO,8.1328125
BDL,PA (1),-13.08219178
BDL,PI,4.350513388
BDL,TW,4.97978989
BDL,UA,7.447759488
BDL,US,6.701650382
BDL,WN,9.594071989
BDL,XE,6.458827199
BDL,YV,18.03086722
FCA,9E,18.76095618
FCA,DL,14.25472159
FCA,EV,2.574394464
FCA,HP,9.316455696
FCA,NW,3.978896358
FCA,OO,0.547304873
FCA,US,19.25373134
FCA,XE,0.830985915
FCA,YV,18.96428571
CMX,9E,13.43415638
TOL,DH,4.965305578
TOL,DL,5.988236335
TOL,EV,10.68960771
TOL,MQ,6.999323606
TOL,OH,2.53509434
TOL,PI,1.981283422
TOL,TW,2.897196262
TOL,US,3.25764526
SYR,9E,10.0754717
SYR,AA,4.148017382
SYR,B6,10.12863436
SYR,CO,5.536798254
SYR,DH,6.588718984
SYR,DL,5.096842639
SYR,EA,5.052124646
SYR,EV,13.71274602
SYR,MQ,11.43576127
SYR,NW,1.821107784
SYR,OH,8.90066035
SYR,OO,11.90471757
SYR,PI,8.232865685
SYR,TW,5.180508253
SYR,UA,7.023754653
SYR,US,5.996988453
SYR,XE,11.90196823
SYR,YV,16.71724558
BTM,DL,3.414101058
BTM,OO,1.000163961
CHA,9E,2.298701299
CHA,AA,0.969725054
CHA,DH,5.475371384
CHA,DL,5.682690258
CHA,EV,11.07902368
CHA,MQ,6.970689397
CHA,NW,1.033095149
CHA,OH,3.130002486
CHA,PI,7.389388489
CHA,US,1.315309149
CHA,XE,2.931486146
CHA,YV,-2.384615385
SLE,OO,2.348863636
PMD,HP,2.796412556
PMD,OO,11.11111111
CIC,OO,10.15059541
CVG,9E,8.470751573
CVG,AA,3.768914707
CVG,CO,8.057338577
CVG,DH,9.195794777
CVG,DL,7.64715677
CVG,EV,10.44631967
CVG,MQ,9.688193814
CVG,NW,2.457902986
CVG,OH,7.82834979
CVG,OO,11.65861236
CVG,PA (1),8.111883692
CVG,PI,7.106568998
CVG,TW,4.475547461
CVG,UA,7.270420454
CVG,US,4.291007995
CVG,XE,11.29795299
CVG,YV,-8.333333333
ACY,DH,1.757369615
ACY,EV,21.83932347
ACY,MQ,106
ACY,OH,2.630517024
ACY,US,3.67476754
DBQ,MQ,5.749547306
IND,9E,10.07536558
IND,AA,4.573038252
IND,CO,7.226365471
IND,DH,7.147715005
IND,DL,4.99298633
IND,EA,5.09943757
IND,EV,15.39439184
IND,F9,4.081346424
IND,FL,5.074967148
IND,HP,9.471688401
IND,MQ,10.76185269
IND,NW,2.850151498
IND,OH,6.248712137
IND,OO,16.2892562
IND,PA (1),-0.447122862
IND,PI,10.5954039
IND,TW,6.089065071
IND,TZ,5.130250086
IND,UA,8.992261526
IND,US,6.766320226
IND,WN,8.275504819
IND,XE,6.259108942
IND,YV,7.203864734
SOP,EV,25.24104235
TUP,EV,8.605347594
ACV,OO,10.78882976
ACV,UA,26.36842105
BOS,9E,11.58736059
BOS,AA,8.733506415
BOS,AS,13.9255715
BOS,B6,9.918861281
BOS,CO,10.36964717
BOS,DH,10.18100576
BOS,DL,7.44533906
BOS,EA,8.89143395
BOS,EV,7.208137715
BOS,FL,10.2226916
BOS,HP,11.63228261
BOS,ML (1),5.734775641
BOS,MQ,13.18854347
BOS,NW,7.245188787
BOS,OH,12.59479094
BOS,PA (1),4.447164795
BOS,PI,11.88445526
BOS,TW,10.18005421
BOS,TZ,3.063792085
BOS,UA,10.06615156
BOS,US,8.687922117
BOS,XE,8.10292249
BOS,YV,25.87987294
XNA,9E,7.507391631
XNA,AA,9.710781596
XNA,CO,5.5
XNA,DH,4.879781421
XNA,EV,12.6614508
XNA,MQ,11.37261413
XNA,NW,2.914078675
XNA,OH,5.089100346
XNA,OO,9.450620615
XNA,XE,9.393755421
XNA,YV,12.45
OTZ,AS,10.37008295
FAI,AS,5.926295636
FAI,DL,4.638394068
FAI,NW,5.670053476
FAI,UA,7.688168558
SPI,AA,2.920847269
SPI,OO,15.22732769
SPI,YV,30.3573913
ELM,9E,4.614393603
ELM,PI,1.911053541
ELM,US,3.159283199
SCK,CO,7.289640592
SCK,PS,3.328
SCK,US,2.687194127
ALO,9E,11.61876248
ALO,NW,-0.036697248
ALO,TW,5.833333333
OMA,9E,8.330436582
OMA,AA,4.274958465
OMA,CO,3.516623532
OMA,DL,4.592664941
OMA,EA,3.485477178
OMA,EV,15.65076311
OMA,F9,2.208787578
OMA,HP,6.331279855
OMA,ML (1),4.34491018
OMA,MQ,12.0107392
OMA,NW,2.531220938
OMA,OH,5.110949847
OMA,OO,6.793693473
OMA,TW,4.674132614
OMA,UA,7.84029855
OMA,US,2.197635135
OMA,WN,9.113052415
OMA,XE,8.250651284
OMA,YV,0.22496749
DAL,AA,2.794049953
DAL,EV,18.11137441
DAL,MQ,5.398192833
DAL,WN,8.335113205
DAL,XE,5.438195244
ROA,9E,4.785553047
ROA,DH,3.195206326
ROA,EA,4.293209877
ROA,EV,13.38908755
ROA,OH,3.365315688
ROA,OO,18.87751531
ROA,PI,6.352932822
ROA,US,3.896278747
ROA,YV,21.6403437
HNL,AA,3.737008202
HNL,AQ,1.864178524
HNL,AS,8.049913941
HNL,CO,5.311071703
HNL,DL,7.119511185
HNL,EA,0
HNL,HA,-0.407744763
HNL,HP,11.5719888
HNL,NW,8.642266651
HNL,PA (1),5.512800621
HNL,TW,10.6266062
HNL,TZ,7.814199642
HNL,UA,6.099690096
HNL,US,9.829499323
HNL,YV,0.178708657
SMX,OO,2.265462064
SJC,AA,4.466715853
SJC,AS,5.794297731
SJC,B6,7.572929392
SJC,CO,3.180882629
SJC,DH,3.734375
SJC,DL,4.734285977
SJC,EV,2.840860215
SJC,F9,1.937449007
SJC,HA,6.244464128
SJC,HP,3.524433024
SJC,MQ,3.850149453
SJC,NW,2.798787374
SJC,OO,2.759516643
SJC,PS,2.062320623
SJC,TW,5.03820598
SJC,TZ,0.195819582
SJC,UA,8.377323073
SJC,US,3.00853226
SJC,WN,8.262728385
SJC,XE,2.76784523
SJC,YV,0.261313869
ISP,AA,3.705388618
ISP,CO,3.442176871
ISP,DL,5.440892484
ISP,EA,9.796493092
ISP,EV,17.92793792
ISP,MQ,6.56884058
ISP,OH,8.523063534
ISP,PI,4.532344458
ISP,US,4.700351053
ISP,WN,7.538728338
ISP,XE,0.909547739
RAP,9E,2.761487965
RAP,CO,4.728033473
RAP,DL,0.316060606
RAP,EV,-2
RAP,NW,2.045349017
RAP,OO,3.485595259
RAP,UA,4.623274631
RAP,XE,-0.088235294
RAP,YV,7.340454545
HKY,EV,8.398387097
LAS,AA,8.013639553
LAS,AQ,1.308426073
LAS,AS,11.73587565
LAS,B6,9.007564985
LAS,CO,6.229873194
LAS,DH,7.585616438
LAS,DL,5.851334974
LAS,EA,10.40198511
LAS,EV,13.36481615
LAS,F9,5.479773463
LAS,FL,5.439188468
LAS,HA,4.72640264
LAS,HP,8.929026586
LAS,ML (1),8.015942029
LAS,MQ,8.265222161
LAS,NW,5.298743015
LAS,OO,7.201846879
LAS,PS,3.42206655
LAS,TW,7.185668641
LAS,TZ,3.453421878
LAS,UA,10.95796074
LAS,US,8.729656394
LAS,WN,10.51518649
LAS,XE,3.378510379
LAS,YV,8.811891607
SJT,MQ,1.714296701
SJT,OO,6.432619212
SJT,XE,-4.297520661
GFK,9E,5.352307692
GFK,NW,2.086916105
VCT,OO,2.754855643
VCT,XE,0.955947137
VPS,DL,8.809749172
VPS,EV,12.01214953
VPS,MQ,11.0587546
VPS,NW,1.551993816
VPS,OH,8.388724036
VPS,OO,5.618421053
VPS,XE,3.541920904
PUB,HP,3.1
PUB,OO,104
PUB,TW,-0.533388982
PUB,XE,27
BWI,9E,7.239805825
BWI,AA,6.00285184
BWI,CO,5.179340977
BWI,DH,11.77272727
BWI,DL,7.676822369
BWI,EA,9.150325733
BWI,EV,19.72705882
BWI,F9,0.756243756
BWI,FL,7.747100147
BWI,HP,11.146214
BWI,MQ,12.41188477
BWI,NW,5.705573032
BWI,OH,13.21009432
BWI,OO,11.49802994
BWI,PA (1),4.761904762
BWI,PI,12.76991309
BWI,TW,8.134721632
BWI,TZ,11.5
BWI,UA,7.737921398
BWI,US,7.494395794
BWI,WN,10.84037676
BWI,XE,12.18964732
BWI,YV,5.496503497
HRL,AA,3.897085337
HRL,CO,3.44028103
HRL,MQ,9.803782506
HRL,WN,7.265089682
HRL,XE,2.551844903
MLU,DL,7.517458626
MLU,EV,9.672489083
MLU,MQ,7.347381865
MLU,OO,4.357925072
MLU,XE,3.044
MKG,OO,2.859335038
LEX,9E,5.417337461
LEX,DH,12.44510269
LEX,DL,6.317057544
LEX,EV,11.36
LEX,MQ,7.41888412
LEX,NW,1.266550523
LEX,OH,3.784743312
LEX,OO,13.33764751
LEX,PI,6.313202698
LEX,TW,2.526247849
LEX,US,4.621294964
LEX,XE,12.67228254
LEX,YV,4.131443299
ROR,CO,6.016160627
UCA,PI,5.947302384
UCA,US,3.612237376
RDM,AS,14.67460317
RDM,OO,5.551973863
RDM,PS,9.6
RDM,US,5.486386139
CLL,MQ,2.152348578
CLL,OO,3.579120879
CLL,XE,2.006161972
JAC,AA,13.18756545
JAC,CO,5.926089703
JAC,DL,6.381756019
JAC,EV,6.435672515
JAC,F9,0.326086957
JAC,NW,4.353821907
JAC,OO,5.041782407
JAC,UA,9.698312801
JAC,YV,6.143973941
LGA,9E,14.82109809
LGA,AA,8.368976386
LGA,B6,16.9780297
LGA,CO,7.220748871
LGA,DH,10.70232032
LGA,DL,6.686921948
LGA,EA,9.44270728
LGA,EV,28.31351351
LGA,F9,11.38499537
LGA,FL,17.21548495
LGA,HP,9.739908799
LGA,ML (1),5.433688699
LGA,MQ,11.9152594
LGA,NW,8.938998605
LGA,OH,13.47868109
LGA,PA (1),2.057050397
LGA,PI,14.16601798
LGA,TW,7.359065969
LGA,TZ,8.011169669
LGA,UA,9.134680214
LGA,US,8.465989978
LGA,XE,5.956960974
LGA,YV,17.89037153
DHN,EV,11.57178665
RNO,AA,7.882753845
RNO,AQ,0.226086957
RNO,AS,9.785646388
RNO,CO,3.648454636
RNO,DL,7.601025024
RNO,EA,6.767801858
RNO,EV,7.390282132
RNO,F9,-2.283185841
RNO,HP,4.939589246
RNO,NW,5.274303251
RNO,OH,52.16666667
RNO,OO,8.510425129
RNO,PS,6.886221294
RNO,TW,5.670913611
RNO,UA,10.27527305
RNO,US,5.862853053
RNO,WN,7.843123804
RNO,XE,4.242399
RNO,YV,4.709359606
EWR,9E,33.69230769
EWR,AA,9.395615833
EWR,AS,10.80954712
EWR,B6,19.72591151
EWR,CO,10.74942931
EWR,DH,12.09117189
EWR,DL,10.8285998
EWR,EA,10.72083184
EWR,EV,28.86839378
EWR,FL,22.64867978
EWR,HP,16.18305617
EWR,MQ,15.53135757
EWR,NW,7.897923239
EWR,OH,17.46221744
EWR,OO,29.32855362
EWR,PA (1),1.221280603
EWR,PI,10.89947004
EWR,TW,9.272026139
EWR,TZ,7.997704316
EWR,UA,10.36655424
EWR,US,9.243935858
EWR,XE,15.90105569
EWR,YV,17.90224439
GEG,AS,7.574217526
GEG,CO,5.501412429
GEG,DL,3.778206883
GEG,EV,7.070731707
GEG,F9,1.648235294
GEG,HP,4.761130565
GEG,NW,3.453533191
GEG,OO,3.146686303
GEG,PS,40.44444444
GEG,UA,7.751336844
GEG,US,2.332984841
GEG,WN,6.41991405
GEG,XE,3.79868389
GEG,YV,5.443877551
SRQ,9E,20.28125
SRQ,AA,3.633498513
SRQ,B6,21.80409357
SRQ,CO,8.133513782
SRQ,DL,4.869179434
SRQ,EA,7.055370012
SRQ,EV,17.74345077
SRQ,FL,5.938190895
SRQ,ML (1),7.3514377
SRQ,MQ,5.350588235
SRQ,NW,4.856359241
SRQ,OH,9.708313311
SRQ,TW,4.304676065
SRQ,TZ,-0.381996974
SRQ,UA,3.952122062
SRQ,US,3.96839829
SRQ,XE,1.489766778
SRQ,YV,3.404021938
IDA,9E,12.9789644
IDA,AA,3.345856648
IDA,DL,3.949433591
IDA,OO,1.794801402
IDA,XE,-1.075709779
ICT,9E,5.180251242
ICT,AA,3.794183279
ICT,CO,3.92644771
ICT,DH,14.90736434
ICT,DL,4.368965517
ICT,EV,15.47146428
ICT,FL,6.578730575
ICT,HP,5.756803745
ICT,MQ,9.834870389
ICT,NW,-0.70649652
ICT,OH,6.67116061
ICT,OO,10.68269519
ICT,TW,3.501115271
ICT,UA,6.8708719
ICT,US,4.780388613
ICT,XE,2.434977578
ICT,YV,0.861361361
LYH,EV,6.854790973
LYH,PI,6.185720952
LYH,US,2.920792079
MHT,9E,1.256944444
MHT,CO,3.897032102
MHT,DH,6.478953108
MHT,DL,4.271246066
MHT,EV,17.2473858
MHT,MQ,12.14130435
MHT,NW,3.084681731
MHT,OH,8.73456268
MHT,UA,8.870774497
MHT,US,5.573873934
MHT,WN,9.370752078
MHT,XE,9.692633733
MHT,YV,12.83807328
SAN,AA,5.344577672
SAN,AQ,3.12482663
SAN,AS,6.982774214
SAN,B6,7.36601765
SAN,CO,4.183513949
SAN,DH,3.757575758
SAN,DL,5.077850353
SAN,EA,10.11507937
SAN,EV,5.395505618
SAN,F9,5.523285351
SAN,FL,5.310014728
SAN,HA,7.660967625
SAN,HP,6.593280915
SAN,MQ,0.362087036
SAN,NW,3.816632786
SAN,OO,3.146076335
SAN,PA (1),1.261322645
SAN,PI,7.2357212
SAN,PS,4.326530612
SAN,TW,5.975327997
SAN,UA,9.882475968
SAN,US,5.9286283
SAN,WN,9.123677372
SAN,XE,9.047262397
SAN,YV,4.500838457
MEM,9E,7.421694632
MEM,AA,4.936829986
MEM,CO,2.575510204
MEM,DH,11.40705009
MEM,DL,8.068662548
MEM,EV,12.45883686
MEM,F9,3.453674121
MEM,FL,9.379967903
MEM,ML (1),8.481818182
MEM,MQ,11.07182106
MEM,NW,5.863829318
MEM,OH,6.326122853
MEM,OO,11.45396852
MEM,PI,4.900994575
MEM,TW,4.845991003
MEM,UA,8.902823842
MEM,US,3.141440036
MEM,XE,11.73785918
MEM,YV,10.02713531
BGM,9E,7.975628931
BGM,DH,1.669390321
BGM,EV,13.62434783
BGM,OH,2.068152593
BGM,PI,4.194945848
BGM,US,3.994906526
SLC,9E,10.98076923
SLC,AA,6.412994866
SLC,B6,3.722584654
SLC,CO,5.482570317
SLC,DL,6.989679999
SLC,EA,8.968406593
SLC,EV,11.87855662
SLC,F9,5.44684554
SLC,HP,4.904612193
SLC,NW,2.203082946
SLC,OH,5.038634146
SLC,OO,5.130475736
SLC,PA (1),3.376292761
SLC,TW,6.368683002
SLC,UA,10.1049633
SLC,US,5.213379005
SLC,WN,8.892103705
SLC,XE,5.242307692
SLC,YV,3.441098785
CLD,OO,3.925629018
CLD,YV,1.199186992
FSD,9E,6.861924686
FSD,AA,2.755859375
FSD,CO,9.776649746
FSD,DH,13.05955056
FSD,DL,6.056871036
FSD,EV,20.32865731
FSD,MQ,10.79805353
FSD,NW,2.171234895
FSD,OH,0.133754133
FSD,OO,11.65705527
FSD,TW,4.637823372
FSD,UA,6.779348986
FSD,YV,24.0816
CRP,AA,3.563532764
CRP,CO,3.101783158
CRP,DL,4.978151261
CRP,EV,11.86696478
CRP,MQ,6.954949615
CRP,WN,6.675213317
CRP,XE,3.619350282
OGG,AA,5.003276842
OGG,AQ,2.244581272
OGG,AS,7.138888889
OGG,CO,1.030176899
OGG,DL,5.959541324
OGG,HA,-1.436051621
OGG,HP,2.875
OGG,NW,4.147736977
OGG,TW,17.53598775
OGG,TZ,4.99572284
OGG,UA,7.125569842
OGG,US,4.128797084
OGG,YV,0.790940767
SHV,9E,7.796339564
SHV,AA,3.196299639
SHV,CO,0.328571429
SHV,DL,6.589703493
SHV,EV,10.2950625
SHV,MQ,3.989399293
SHV,NW,1.149955634
SHV,OH,9.144757433
SHV,OO,38.04
SHV,TW,5.286664393
SHV,XE,3.742195482
BIS,9E,9.583011583
BIS,CO,2.244060756
BIS,DL,3.579766537
BIS,NW,1.544699309
BIS,OO,3.626596288
CLE,9E,5.263097689
CLE,AA,4.249354868
CLE,CO,6.208157588
CLE,DH,6.740377243
CLE,DL,3.877708155
CLE,EA,5.708217121
CLE,EV,16.72845245
CLE,HP,10.28026744
CLE,ML (1),4.037016575
CLE,MQ,12.6646318
CLE,NW,4.193334422
CLE,OH,10.27422003
CLE,OO,17.94448776
CLE,PA (1),6.821832449
CLE,PI,5.219688841
CLE,TW,8.323646953
CLE,UA,8.044078322
CLE,US,6.351264012
CLE,WN,9.546693708
CLE,XE,4.690918613
CLE,YV,14.36480843
CPR,9E,8.64380531
CPR,CO,7.012658228
CPR,DL,2.12165634
CPR,OO,5.151609422
CPR,YV,3.388859132
SEA,AA,6.939152589
SEA,AS,9.50846527
SEA,B6,12.20609065
SEA,CO,7.096458869
SEA,DH,10.84183673
SEA,DL,6.535621329
SEA,EA,11.97500613
SEA,EV,7.896296296
SEA,F9,7.486242063
SEA,FL,12.14801658
SEA,HA,6.855452675
SEA,HP,8.993516069
SEA,NW,6.498762407
SEA,OH,11.91208791
SEA,OO,2.705819655
SEA,PA (1),27.33684211
SEA,PI,11.53835616
SEA,PS,4.720639333
SEA,TW,9.332053803
SEA,TZ,6.345003934
SEA,UA,9.521271358
SEA,US,6.412384182
SEA,WN,8.53397701
SEA,XE,11.8211441
SEA,YV,5.122262774
EUG,AA,0.615670103
EUG,CO,17.00793651
EUG,OO,6.461633141
EUG,PS,11.68390805
EUG,UA,10.69273465
EUG,US,8.032806093
EUG,XE,2.857305936
EUG,YV,3.238899614
ERI,9E,4.57372924
ERI,DH,1.791164659
ERI,EV,15.02011494
ERI,NW,3.702702703
ERI,OH,0.879955332
ERI,US,4.64259156
ERI,XE,2.038626609
HSV,9E,5.808422301
HSV,AA,2.094361335
HSV,DH,2.379963899
HSV,DL,6.794905792
HSV,EA,3.947821682
HSV,EV,9.977940543
HSV,MQ,7.601984564
HSV,NW,0.300374883
HSV,OH,4.945474614
HSV,OO,5.002
HSV,UA,3.527767825
HSV,US,1.868109176
HSV,XE,5.471047858
HSV,YV,14.75862069
LFT,CO,3.465357191
LFT,EV,13.64651655
LFT,MQ,6.760530561
LFT,XE,4.29636911
FMN,OO,203.6666667
MIB,NW,-7.136363636
DAY,9E,7.736086176
DAY,AA,4.787649511
DAY,CO,6.597110754
DAY,DH,4.506727307
DAY,DL,4.527666667
DAY,EV,10.58841721
DAY,F9,1.175172414
DAY,FL,6.344193818
DAY,MQ,8.122363991
DAY,NW,2.380246134
DAY,OH,4.012818948
DAY,OO,12.49077659
DAY,PI,12.31092478
DAY,TW,4.120013859
DAY,UA,8.312593928
DAY,US,6.095624571
DAY,XE,5.612532134
DAY,YV,4.277777778
MDW,9E,16.46875
MDW,AA,6.280155642
MDW,CO,7.812765586
MDW,DH,1.133583021
MDW,DL,8.429861435
MDW,EV,17.93439624
MDW,F9,4.532934132
MDW,FL,10.35768631
MDW,HP,8.906208791
MDW,ML (1),6.839494254
MDW,MQ,12.52543605
MDW,NW,4.456105709
MDW,OH,15.61662338
MDW,TW,4.102959529
MDW,TZ,7.904205887
MDW,UA,6.49010989
MDW,US,5.396435857
MDW,WN,11.54609913
MDW,XE,5.360408896
MDW,YV,16.00333333
RDU,9E,4.696525886
RDU,AA,6.444060291
RDU,B6,15.4084641
RDU,CO,9.213506557
RDU,DH,5.982624649
RDU,DL,4.942735007
RDU,EA,7.546805523
RDU,EV,10.15605536
RDU,FL,8.406642729
RDU,HP,3.714185639
RDU,MQ,10.36583606
RDU,NW,4.767898223
RDU,OH,11.38257998
RDU,OO,9.559585492
RDU,PA (1),12.16056083
RDU,PI,6.949332713
RDU,TW,3.846500886
RDU,UA,8.486515642
RDU,US,6.020630562
RDU,WN,9.67617993
RDU,XE,7.303261852
RDU,YV,18.361633
ITH,9E,5.493150685
ITH,PI,2.321855235
ITH,US,1.764090645
MIA,9E,-3
MIA,AA,11.28775574
MIA,AS,9.817591204
MIA,CO,9.433353211
MIA,DL,9.195273955
MIA,EA,12.51181084
MIA,EV,1.202643172
MIA,FL,8.565107459
MIA,HP,10.04496403
MIA,ML (1),7.504550051
MIA,MQ,9.015853211
MIA,NW,4.501665524
MIA,OH,12.33481724
MIA,PA (1),4.20000428
MIA,PI,8.611509685
MIA,TW,8.84932455
MIA,TZ,1.782243551
MIA,UA,6.869731754
MIA,US,6.09066581
MIA,XE,1.873190903
LAW,EV,5.397260274
LAW,MQ,1.957805907
ABQ,AA,5.073277129
ABQ,CO,2.681041005
ABQ,DL,5.161572245
ABQ,EA,7.756912442
ABQ,EV,14.71428571
ABQ,F9,0.165973378
ABQ,HP,5.090344715
ABQ,MQ,10.98224852
ABQ,NW,4.928069375
ABQ,OO,4.69739506
ABQ,PA (1),4.769230769
ABQ,PS,3.768382353
ABQ,TW,4.391323638
ABQ,TZ,-11
ABQ,UA,5.424367262
ABQ,US,4.070075626
ABQ,WN,8.695104278
ABQ,XE,4.160826335
ABQ,YV,-0.698113208
SBN,9E,15.34764335
SBN,DH,6.919579426
SBN,DL,2.835941261
SBN,EV,15.15813697
SBN,HP,0
SBN,MQ,20.44444444
SBN,NW,1.918636996
SBN,OH,5.602491772
SBN,OO,13.27699531
SBN,PI,7.386383731
SBN,US,3.179123977
SBN,XE,-1.379310345
SBN,YV,19.33870403
GCC,OO,-3.627218935
GCC,YV,10.34683099
CHO,DH,0.895358893
CHO,EV,9.153772501
CHO,OH,1.013261649
CHO,PI,6.270065076
CHO,US,3.59845656
CHO,YV,2.096774194
TXK,EV,3.980997625
TXK,MQ,1.887322289
TXK,OO,3.221608833
TXK,XE,1.945945946
GST,AS,7.739749431
SCE,9E,9.093256815
SCE,DH,0.320556024
SCE,EV,15.49050633
SCE,OH,0.580475857
GNV,DL,6.133687472
GNV,EA,5.393828068
GNV,EV,12.82531918
GNV,OH,52
GNV,PI,6.749508841
GNV,US,4.15042471
GNV,YV,0.137931034
KSM,AS,6.463840399
AVP,9E,9.194466403
AVP,DH,12.75797665
AVP,DL,3.451824401
AVP,EA,6.591620821
AVP,EV,15.95634815
AVP,OH,5.559035602
AVP,OO,14.06311111
AVP,US,3.253022876
AVP,YV,29.38540146
DET,WN,7.086467038
PIE,AA,-0.1021611
PIE,TZ,1.464580534
IPL,OO,3.234116148
SAV,9E,5.282121006
SAV,AA,3.6883634
SAV,CO,13.88339223
SAV,DH,7.140452393
SAV,DL,7.082647349
SAV,EA,5.057849769
SAV,EV,8.08367283
SAV,FL,12.60211691
SAV,MQ,9.219698624
SAV,NW,7.152974504
SAV,OH,9.818652417
SAV,OO,17.90420244
SAV,PI,4.356795042
SAV,UA,4.028936077
SAV,US,1.397266835
SAV,XE,13.87026868
SAV,YV,15.47098093
FLO,EV,9.99770259
MKC,OO,8
ABE,9E,6.748333333
ABE,AA,4.762991128
ABE,DH,5.34470377
ABE,DL,23.28493677
ABE,EA,6.893307468
ABE,EV,15.41433706
ABE,NW,2.01013533
ABE,OH,6.615555145
ABE,OO,10.49295207
ABE,PI,5.016528926
ABE,TW,2.439121756
ABE,UA,8.911883212
ABE,US,2.717615565
ABE,XE,-3.793348746
ABE,YV,22.19387755
BPT,EV,5.533464567
BPT,MQ,2.219548134
BPT,OO,7.7417154
BPT,XE,0.981044957
AZO,9E,7.319598521
AZO,DH,5.690605854
AZO,EV,9.308564232
AZO,MQ,7.248697533
AZO,NW,1.856962469
AZO,OH,3.0078125
AZO,OO,10.80490434
AZO,PI,5.009758364
AZO,US,1.704267719
GUC,AA,10.95843325
GUC,CO,-0.307692308
GUC,DL,10.97127223
GUC,OO,16.09929078
GUC,UA,6.442424242
GUC,XE,-0.180645161
GUC,YV,5.31
TVC,9E,7.097460535
TVC,DH,18.52863436
TVC,EV,14.09278351
TVC,MQ,11.1183882
TVC,NW,4.648375683
TVC,OH,7.190578158
TVC,OO,14.79840426
TVC,YV,19.85249458
CEC,OO,14.34110098
TLH,9E,3.766879562
TLH,DL,6.634825462
TLH,EA,5.708177667
TLH,EV,15.52334506
TLH,FL,-0.280467446
TLH,MQ,5.447084233
TLH,OH,7.210677382
TLH,OO,5.925748503
TLH,PI,5.47845722
TLH,US,3.81388309
TLH,XE,7.012780549
TLH,YV,6.655844156
SIT,AS,9.059723426
AEX,EV,12.0719603
AEX,MQ,9.120227038
AEX,XE,0.985117817
YAK,AS,8.632983314
ELP,AA,5.281906254
ELP,CO,2.65709108
ELP,DL,4.542406931
ELP,EV,2.691287879
ELP,F9,15
ELP,HP,4.477957988
ELP,OO,2.297169279
ELP,TW,5.060790274
ELP,UA,2.48241206
ELP,US,1.772493064
ELP,WN,7.329395631
ELP,XE,3.245086924
ELP,YV,4.206409048
RFD,OO,1.726329442
COD,CO,5.4
COD,OO,1.851831091
COD,YV,0.133990148
HLN,9E,11.92553191
HLN,DL,4.880502693
HLN,NW,-1.605
HLN,OH,-1.496468927
HLN,OO,0.098619088
CWA,9E,7.285051068
CWA,MQ,5.199084668
CWA,NW,2.218562874
CWA,OO,11.85027885
CWA,YV,26.46548673
ADQ,AS,9.076137625
WYS,OO,-0.879472693
TWF,OO,3.981452991
TWF,UA,2
TWF,XE,100
TYR,EV,0
TYR,MQ,1.490686336
TYR,OO,4.181259601
TYR,XE,6.614035088
PBI,AA,6.260282116
PBI,B6,15.4975986
PBI,CO,9.813798961
PBI,DH,14.58443272
PBI,DL,7.656546108
PBI,EA,10.80219178
PBI,EV,8.275510204
PBI,F9,-2.645390071
PBI,FL,7.87541312
PBI,HP,16.39726027
PBI,ML (1),5.380753138
PBI,NW,5.254011781
PBI,OH,12.29842342
PBI,PI,6.975158868
PBI,TW,7.783037079
PBI,UA,7.293230882
PBI,US,6.505560559
PBI,WN,6.585330628
PBI,XE,1.591070939
CKB,OH,25.625
SPS,MQ,2.614584679
LAX,AA,7.0563477
LAX,AS,8.719177408
LAX,B6,224
LAX,CO,7.02240048
LAX,DH,19.85276074
LAX,DL,8.662480689
LAX,EA,8.915058502
LAX,EV,11.74446987
LAX,F9,5.729155372
LAX,FL,4.72512738
LAX,HA,5.813645621
LAX,HP,7.794812764
LAX,ML (1),7.075768942
LAX,MQ,2.407221858
LAX,NW,5.119550651
LAX,OO,4.221959288
LAX,PA (1),8.842951313
LAX,PI,18.79813933
LAX,PS,4.860337042
LAX,TW,8.210105089
LAX,TZ,4.763940985
LAX,UA,9.699233059
LAX,US,6.746395368
LAX,WN,10.53650826
LAX,XE,9.088996462
LAX,YV,6.024156085
BTV,9E,7.787747525
BTV,B6,9.053651267
BTV,CO,7.688426364
BTV,DH,7.592323651
BTV,EV,21.46282799
BTV,FL,4.759124088
BTV,MQ,10.95487874
BTV,NW,3.997142857
BTV,OH,8.859710586
BTV,OO,13.36945813
BTV,PI,0.134955752
BTV,UA,9.160910281
BTV,US,5.8615612
BTV,XE,12.85661027
BTV,YV,13.69014085
APF,EV,11.18419975
APF,MQ,4.105263158
APF,PI,2.692223439
ROC,9E,10.2780236
ROC,AA,5.617109998
ROC,B6,11.84471007
ROC,CO,6.981753449
ROC,DH,4.335004042
ROC,DL,8.495281628
ROC,EA,7.336532693
ROC,EV,15.75914067
ROC,FL,4.336945628
ROC,ML (1),14.16666667
ROC,MQ,13.13046642
ROC,NW,2.521682154
ROC,OH,11.00214113
ROC,OO,6.291666667
ROC,PI,6.407691174
ROC,UA,7.813439803
ROC,US,6.547819471
ROC,XE,14.28023046
ROC,YV,18.39107612
GSP,9E,5.864130435
GSP,AA,0.71707258
GSP,CO,5.093569132
GSP,DH,6.073766006
GSP,DL,5.499437627
GSP,EA,5.74442944
GSP,EV,8.646752451
GSP,MQ,7.390066589
GSP,NW,2.388742574
GSP,OH,6.795791689
GSP,OO,7.929032258
GSP,PI,6.216169921
GSP,US,4.251925606
GSP,XE,6.18984597
GSP,YV,19.74624092
PIR,9E,45.5
TYS,9E,8.447731428
TYS,AA,2.079922027
TYS,CO,13
TYS,DH,6.284532464
TYS,DL,5.407862236
TYS,EV,9.759499045
TYS,MQ,7.437264471
TYS,NW,1.420588413
TYS,OH,4.047493693
TYS,OO,10.69266707
TYS,PI,3.324809332
TYS,TW,4.343969713
TYS,UA,8.103388609
TYS,US,2.442542993
TYS,XE,8.821397552
TYS,YV,9.98
LBB,AA,3.44178365
LBB,CO,4.935432443
LBB,DL,4.171126198
LBB,EV,3.414685908
LBB,HP,4.249296567
LBB,MQ,7.491970099
LBB,OO,120
LBB,WN,6.424844874
LBB,XE,4.302284946
MCN,EV,12.63894553
MCN,OH,59
DUT,AS,14.66977652
MTH,EV,15.96825397
MAZ,MQ,4.307142857
BFL,AA,4.50670441
BFL,CO,8.253275109
BFL,HP,2.440836544
BFL,MQ,7.008381689
BFL,OO,5.025694085
BFL,XE,1.192351926
BFL,YV,4.885548523
BQN,AA,3.10123119
BQN,B6,2.179960261
BQN,CO,6.777967549
RDD,OO,10.56188448
RDD,UA,22.36842105
AMA,AA,3.758815821
AMA,CO,7.650383142
AMA,DL,3.59504409
AMA,EV,2.399153738
AMA,MQ,6.645446256
AMA,OO,85
AMA,WN,6.73307709
AMA,XE,4.744069734
OTH,OO,14.05204461
BNA,9E,8.131028939
BNA,AA,5.787420722
BNA,B6,14.32441942
BNA,CO,7.155860829
BNA,DH,11.36961598
BNA,DL,6.610874794
BNA,EA,4.270822234
BNA,EV,11.25094967
BNA,F9,3.250071286
BNA,MQ,10.80827927
BNA,NW,4.061970956
BNA,OH,8.720340397
BNA,OO,10.32163064
BNA,PA (1),0.571428571
BNA,PI,5.215268033
BNA,TW,3.803929479
BNA,UA,8.07948925
BNA,US,3.787182062
BNA,WN,8.805116619
BNA,XE,9.80676843
BNA,YV,19.28681977
MLI,9E,6.021299255
MLI,AA,1.629116118
MLI,DH,12.85963521
MLI,EV,15.37425228
MLI,FL,7.421084067
MLI,HP,5.847310584
MLI,MQ,8.70830878
MLI,NW,2.512874043
MLI,OH,3.127358491
MLI,OO,10.71766315
MLI,TW,3.400354844
MLI,UA,5.728097533
MLI,YV,23.9578196
CAK,9E,4.988128886
CAK,AA,3.487153986
CAK,CO,3.875213675
CAK,DH,15.51696922
CAK,DL,6.938823529
CAK,EA,6.430517711
CAK,EV,16.84830822
CAK,F9,1.44012945
CAK,FL,9.036873019
CAK,NW,2.542857143
CAK,OH,7.084209572
CAK,OO,7.615729219
CAK,PI,5.698168931
CAK,UA,5.268028846
CAK,US,2.70997077
CAK,YV,26.70353214
ORD,AA,11.3861875
ORD,AS,17.98801119
ORD,B6,22.52274302
ORD,CO,11.29250241
ORD,DH,19.22556422
ORD,DL,8.62978999
ORD,EA,9.009101517
ORD,EV,13.6863663
ORD,HP,12.15007038
ORD,MQ,13.25192347
ORD,NW,6.249155376
ORD,OH,14.49198209
ORD,OO,15.50814363
ORD,PA (1),6.975635044
ORD,PI,7.87804878
ORD,TW,9.620291872
ORD,TZ,null
ORD,UA,12.19960204
ORD,US,10.04687627
ORD,XE,12.53999445
ORD,YV,26.40916498
HTS,EV,5.012533572
HTS,OH,0.443867925
HTS,PI,4.374165872
HTS,US,5.5515207
ILG,EV,14.75137363
SNA,AA,5.74058017
SNA,AQ,4.713399219
SNA,AS,5.02123401
SNA,CO,2.78020413
SNA,DL,6.823885986
SNA,EV,7.946902655
SNA,F9,2.898403147
SNA,HP,5.173648382
SNA,ML (1),6.615658363
SNA,MQ,4.653123105
SNA,NW,2.671273351
SNA,OO,4.946433874
SNA,PS,4.976605276
SNA,TW,4.020403167
SNA,UA,8.18611405
SNA,US,5.181923308
SNA,WN,7.730545644
SNA,YV,5.714676889
BHM,9E,6.315110099
BHM,AA,3.53105189
BHM,CO,3.4489565
BHM,DH,22.56911197
BHM,DL,6.806875513
BHM,EA,4.720717355
BHM,EV,8.027948839
BHM,MQ,24.1239861
BHM,NW,0.490104476
BHM,OH,7.825581395
BHM,OO,12.78599808
BHM,PI,3.921285515
BHM,UA,6.663898812
BHM,US,3.033109915
BHM,WN,7.787830239
BHM,XE,6.535737408
BHM,YV,18.42984474
FLL,9E,10.09737828
FLL,AA,8.987581835
FLL,B6,14.20821634
FLL,CO,9.082126468
FLL,DL,10.17044263
FLL,EA,11.52239073
FLL,EV,2.319311663
FLL,F9,5.046312178
FLL,FL,7.805962245
FLL,HP,11.70316114
FLL,ML (1),5.66838311
FLL,MQ,9.223990208
FLL,NW,6.536818129
FLL,OH,11.81850035
FLL,OO,-2.065789474
FLL,PA (1),6.028
FLL,PI,8.234180861
FLL,TW,7.504663687
FLL,TZ,2.273082386
FLL,UA,7.976627188
FLL,US,8.270421256
FLL,WN,8.5382635
FLL,XE,1.857142857
LRD,MQ,7.528270779
LRD,XE,0.850304465
PHX,AA,6.187771887
PHX,AS,7.755888138
PHX,B6,15.92585762
PHX,CO,5.343642343
PHX,DL,5.298477164
PHX,EA,8.966918166
PHX,EV,4.469851577
PHX,F9,5.777371787
PHX,FL,1.11382511
PHX,HA,2.976438356
PHX,HP,9.47439057
PHX,ML (1),6.754593176
PHX,MQ,2.670212766
PHX,NW,6.027830914
PHX,OH,1.079136691
PHX,OO,4.971549766
PHX,PI,15.01599444
PHX,PS,6.173469388
PHX,TW,7.101228532
PHX,TZ,3.562295752
PHX,UA,10.66776985
PHX,US,8.624376539
PHX,WN,10.01749371
PHX,XE,5.236529487
PHX,YV,8.658570048
SBA,AA,3.090599019
SBA,CO,19.19444444
SBA,HP,2.807072829
SBA,MQ,0.882723062
SBA,OH,2.676092545
SBA,OO,6.241536285
SBA,UA,11.48106381
SBA,XE,10.61928934
SBA,YV,5.645124899
MOT,CO,1.119594762
MOT,NW,1.471358731
MEI,EV,12.05296215
LWS,OO,0.921493902
FNT,9E,7.120085776
FNT,CO,0.552083333
FNT,DH,4.806122449
FNT,EV,14.42988741
FNT,FL,7.047998711
FNT,MQ,12.45606921
FNT,NW,2.55178865
FNT,OH,5.803641457
FNT,OO,-1.196129032
FNT,PI,7.554054054
FNT,US,2.91199837
KOA,AA,11.781683
KOA,AQ,2.147384453
KOA,DL,-1.384180791
KOA,HA,-2.949123251
KOA,NW,0.315423515
KOA,TW,3.911340206
KOA,TZ,14.65217391
KOA,UA,6.394909688
KOA,US,-0.391777509
KOA,YV,1.555213374
MOD,OO,10.17359742
MSP,9E,7.39272558
MSP,AA,6.830189413
MSP,AS,2
MSP,CO,5.814757334
MSP,DL,6.116740559
MSP,EA,4.792944785
MSP,EV,15.77021277
MSP,F9,5.971691437
MSP,FL,6.78680203
MSP,HP,6.586731613
MSP,ML (1),3.757795814
MSP,MQ,11.63559561
MSP,NW,7.592524581
MSP,OH,10.02513587
MSP,OO,9.441629788
MSP,PA (1),11.45640802
MSP,PI,9.944244604
MSP,TW,4.753882259
MSP,TZ,0.333724046
MSP,UA,7.838340922
MSP,US,4.485135404
MSP,XE,9.660402767
MSP,YV,8.845839018
BOI,AS,6.037201316
BOI,CO,3.882273342
BOI,DL,3.641649713
BOI,EV,5.949044586
BOI,F9,2.290488432
BOI,HP,4.402902186
BOI,MQ,1.25
BOI,NW,4.672223741
BOI,OO,7.590217755
BOI,UA,7.450083908
BOI,US,2.799321651
BOI,WN,6.719556788
BOI,XE,5.355842786
BOI,YV,4.490196078
ABY,EV,9.859939161
ABY,OH,18.72727273
YAP,CO,20.06912442
ATL,9E,10.07289024
ATL,AA,8.413015472
ATL,B6,5.990791897
ATL,CO,10.66431092
ATL,DH,10.70847295
ATL,DL,9.813782839
ATL,EA,8.508993382
ATL,EV,15.82205864
ATL,F9,6.392566783
ATL,FL,13.33894422
ATL,HP,11.34088527
ATL,ML (1),5.596918086
ATL,MQ,23.71488912
ATL,NW,5.684618963
ATL,OH,16.77640574
ATL,OO,13.76669133
ATL,PA (1),11.09268081
ATL,PI,5.51461039
ATL,TW,8.205531453
ATL,UA,10.18274212
ATL,US,8.999840462
ATL,XE,8.17192954
ATL,YV,17.30573672
RIC,9E,8.81482821
RIC,AA,4.301052298
RIC,B6,12.52565084
RIC,CO,7.033197927
RIC,DH,4.811301192
RIC,DL,5.719319744
RIC,EA,5.100429389
RIC,EV,16.06797153
RIC,FL,7.038934723
RIC,MQ,11.1414664
RIC,NW,3.274509804
RIC,OH,10.36161063
RIC,OO,5.035714286
RIC,PI,8.880838894
RIC,TW,6.812957158
RIC,UA,10.87817259
RIC,US,5.296082128
RIC,XE,10.60346983
RIC,YV,9.55257732
EAU,9E,7.606060606
EAU,NW,-2.509205984
TUL,9E,10.03300842
TUL,AA,5.620072119
TUL,CO,3.549993365
TUL,DH,16.22953216
TUL,DL,5.502289468
TUL,EA,3.589970501
TUL,EV,13.26774265
TUL,F9,-4.0625
TUL,MQ,9.926221593
TUL,NW,-0.493099415
TUL,OH,5.095449735
TUL,OO,7.51374296
TUL,TW,3.369636067
TUL,UA,5.496262183
TUL,WN,7.234496465
TUL,XE,6.27607362
GRK,EV,16.99208443
GRK,MQ,6.223770942
GRK,OO,6.2265625
GRK,XE,7.005523409
SJU,AA,7.05934276
SJU,B6,6.949735873
SJU,CO,7.840721329
SJU,DH,18.0625
SJU,DL,6.853090198
SJU,EA,11.83581797
SJU,FL,3.744460857
SJU,MQ,7.007054674
SJU,NW,18.27604611
SJU,PA (1),-2.018372703
SJU,TW,7.283956441
SJU,TZ,3.677873339
SJU,UA,7.518390063
SJU,US,9.825907874
GGG,MQ,0.871565043
MKK,AA,null
MKK,HA,-2.966292135
SDF,9E,5.081253184
SDF,AA,4.316452753
SDF,CO,6.180105315
SDF,DH,5.23016221
SDF,DL,6.656426526
SDF,EA,5.293706294
SDF,EV,14.09267756
SDF,F9,4.669491525
SDF,ML (1),1.403100775
SDF,MQ,12.18242132
SDF,NW,3.43995098
SDF,OH,7.64071142
SDF,OO,13.89633601
SDF,PI,6.92872276
SDF,TW,3.974874372
SDF,UA,8.232087458
SDF,US,4.78791177
SDF,WN,8.679907018
SDF,XE,10.45378062
SDF,YV,7.901306241
SFO,AA,7.832329627
SFO,AS,10.0358891
SFO,B6,13.8305026
SFO,CO,7.083049194
SFO,DH,9.176972281
SFO,DL,6.562729888
SFO,EA,9.408163265
SFO,EV,11.18987342
SFO,F9,5.162444663
SFO,FL,8.994275902
SFO,HA,9.543609435
SFO,HP,9.680006465
SFO,MQ,4.853923778
SFO,NW,5.757805769
SFO,OH,9.370212766
SFO,OO,10.94114779
SFO,PA (1),5.28761166
SFO,PI,19.48141593
SFO,PS,6.303518701
SFO,TW,7.79488255
SFO,TZ,3.952415635
SFO,UA,11.19020316
SFO,US,7.527510077
SFO,WN,11.95711746
SFO,XE,11.60900977
SFO,YV,10.46052632
GTF,9E,12.85491071
GTF,CO,3.682186235
GTF,DL,11.69566038
GTF,NW,-0.723056221
GTF,OO,0.256367709
GTF,UA,1.729826232
RHI,9E,6.276712329
EYW,EA,3.056300268
EYW,EV,19.26772941
EYW,MQ,4.321589883
EYW,PI,4.874269006
EYW,US,3.575894114
YUM,HP,2.945318545
YUM,OO,4.891329614
YUM,YV,6.599123141
TTN,OH,10.0989011
TTN,US,2.521303258
STT,AA,4.984022659
STT,CO,6.756454389
STT,DL,10.1614629
STT,EA,13.90995261
STT,ML (1),6.787735849
STT,MQ,0.403174603
STT,NW,31.45454545
STT,PA (1),1.773571679
STT,UA,6.254930606
STT,US,7.139369278
EVV,9E,3.342804036
EVV,DH,1.855060034
EVV,EA,6.474137931
EVV,EV,11.15015836
EVV,MQ,9.702811529
EVV,OH,3.07755102
EVV,PI,7.617245658
EVV,US,2.934015206
ORH,CO,8.325476992
ORH,MQ,8.185858586
ORH,NW,4.134554974
ORH,PI,3.890670554
ORH,US,3.475584795
CCR,PS,3.471641791
CCR,US,2.58543264
CLT,9E,6.341545894
CLT,AA,3.2154311
CLT,B6,17.69608576
CLT,CO,9.895360601
CLT,DH,8.014798027
CLT,DL,7.744307372
CLT,EA,5.601709084
CLT,EV,12.78885832
CLT,F9,-3
CLT,FL,9.416690375
CLT,MQ,13.05772286
CLT,NW,5.829177263
CLT,OH,10.84140695
CLT,OO,3.352941176
CLT,PA (1),6.221556886
CLT,PI,13.45192592
CLT,TW,4.067653927
CLT,TZ,0.093364198
CLT,UA,10.1125908
CLT,US,8.277286219
CLT,XE,12.7528783
CLT,YV,12.83030638
ITO,AQ,-0.7298434
ITO,HA,-3.489070712
ITO,TZ,-0.725
ITO,YV,0.741470941
LNK,9E,5.665647299
LNK,CO,5.394871795
LNK,DH,11.79384966
LNK,HP,3.812193232
LNK,MQ,7.159682899
LNK,OO,9.947770701
LNK,TW,4.277578475
LNK,UA,8.160718842
LNK,YV,32.9296875
GUM,CO,2.544067919
ABI,AA,36.5
ABI,EV,1.75
ABI,MQ,3.892938497
ABI,OO,6.814128944
ABI,US,0
ABI,XE,-4.604166667
MCO,AA,7.942493339
MCO,AS,11.85966634
MCO,B6,14.94637246
MCO,CO,8.260607683
MCO,DH,7.404098361
MCO,DL,6.848413084
MCO,EA,11.26706347
MCO,EV,5.022423025
MCO,F9,3.78163606
MCO,FL,8.095049505
MCO,HP,11.76932998
MCO,ML (1),6.803870968
MCO,MQ,6.730233511
MCO,NW,5.441078944
MCO,OH,9.660927689
MCO,PA (1),5.103518729
MCO,PI,7.946948804
MCO,TW,8.677581815
MCO,TZ,2.617247655
MCO,UA,7.811770329
MCO,US,7.77463587
MCO,WN,8.626698897
MCO,XE,1.593162393
PIA,9E,3.595561036
PIA,AA,3.314018692
PIA,DH,8.973856209
PIA,EV,12.05366195
PIA,MQ,7.419401544
PIA,NW,0.905785124
PIA,OO,12.5585724
PIA,TW,3.741496599
PIA,UA,4.356739306
ATW,9E,5.759401537
ATW,DH,1.579175705
ATW,EV,12.06606474
ATW,NW,1.689525599
ATW,OH,5.106521283
ATW,OO,11.50436772
ATW,YV,17.90962441
KTN,AS,8.797848423
JFK,AA,10.08073558
JFK,B6,11.12709622
JFK,CO,8.201208082
JFK,DH,8.742980908
JFK,DL,11.98667318
JFK,EA,14.00593668
JFK,EV,14.15615385
JFK,HP,14.17755997
JFK,MQ,12.92743012
JFK,NW,11.63781772
JFK,OH,16.65130701
JFK,PA (1),11.52347866
JFK,PI,16.09605285
JFK,TW,12.63907141
JFK,UA,5.968325365
JFK,US,13.11160341
JFK,XE,8.113736264
JFK,YV,18.08035714
SGU,OO,2.89950103
MQT,MQ,9.773913043
RSW,9E,10.69384058
RSW,AA,5.976868264
RSW,B6,14.97886575
RSW,CO,8.885983871
RSW,DH,11.83993399
RSW,DL,6.828763755
RSW,EA,7.638159879
RSW,EV,-0.666666667
RSW,F9,3.220039293
RSW,FL,5.767552399
RSW,HP,11.6235012
RSW,ML (1),6.687058824
RSW,MQ,2.787475538
RSW,NW,5.645116188
RSW,OH,13.00451628
RSW,PI,4.540642722
RSW,TW,4.034419034
RSW,TZ,1.938212206
RSW,UA,7.040664685
RSW,US,5.260399299
RSW,WN,9.06565159
RSW,XE,3.098015634
FAY,AA,2.793850598
FAY,DL,5.302325581
FAY,EV,13.82095257
FAY,PI,3.453655613
FAY,US,1.991586819
FAY,YV,9.037735849
COS,9E,6.866141732
COS,AA,4.581163366
COS,CO,3.530178255
COS,DH,17.34707904
COS,DL,4.944562716
COS,HP,4.990340934
COS,MQ,19.32739938
COS,NW,4.194974495
COS,OH,9.976440892
COS,OO,7.128652934
COS,TW,2.704666273
COS,UA,5.806791171
COS,XE,2.792315764
COS,YV,8.739468493
OGD,OO,143.6666667
OKC,9E,12.15740036
OKC,AA,4.052064746
OKC,CO,3.298541551
OKC,DH,17.95821855
OKC,DL,6.057542821
OKC,EA,4.821538462
OKC,EV,9.923076923
OKC,F9,1.276995305
OKC,MQ,10.2657829
OKC,NW,0.026301436
OKC,OH,5.167917612
OKC,OO,7.331120429
OKC,TW,4.637138497
OKC,UA,5.033415357
OKC,WN,7.42338761
OKC,XE,5.719858365
OKC,YV,14.49546329
PFN,9E,4.370219276
PFN,DL,6.026378458
PFN,EV,14.26261128
PFN,NW,2.248956885
PFN,OH,1.909663866
PFN,OO,4.891891892
SWF,9E,10.7970451
SWF,AA,3.179572935
SWF,B6,5.11687389
SWF,DH,5.006500542
SWF,DL,5.213357857
SWF,EV,18.54039409
SWF,FL,4.392932862
SWF,MQ,8.802199752
SWF,OH,6.097213989
SWF,US,4.126261352
OME,AS,10.68851613
GSO,9E,6.947057583
GSO,AA,3.8344
GSO,CO,7.433823406
GSO,DH,3.760438341
GSO,DL,7.552250031
GSO,EA,4.970580223
GSO,EV,14.58384668
GSO,FL,7.516393443
GSO,MQ,7.614835165
GSO,NW,1.560228762
GSO,OH,8.750592112
GSO,OO,7.711367673
GSO,PI,8.838246603
GSO,UA,8.92715166
GSO,US,5.506620095
GSO,XE,13.20165908
GSO,YV,14.58410948
HPN,9E,11.91833238
HPN,AA,7.179781861
HPN,B6,8.438329556
HPN,DH,10.85006993
HPN,EV,17.18536343
HPN,FL,8.203018024
HPN,MQ,14.08608635
HPN,NW,4.222568055
HPN,OH,9.243472124
HPN,OO,14.47955182
HPN,UA,7.821489483
HPN,US,5.419767907
HPN,XE,-0.780193757
PLN,9E,5.88844086
PLN,NW,-7.666666667
EGE,AA,14.10362981
EGE,CO,7.913782991
EGE,DL,11.06013986
EGE,HP,9.664596273
EGE,NW,14.40306392
EGE,UA,9.362410451
EGE,US,18.33834586
EGE,YV,5.746079919
LCH,XE,3.238231842
DEN,9E,9.052740434
DEN,AA,7.018896475
DEN,AS,7.14949384
DEN,B6,11.73818898
DEN,CO,7.868585083
DEN,DL,6.855268642
DEN,EA,8.198023177
DEN,EV,7.913205786
DEN,F9,7.434131547
DEN,FL,5.207380846
DEN,HP,5.535009373
DEN,ML (1),7.621908127
DEN,NW,5.722448306
DEN,OH,7.130530973
DEN,OO,7.346034887
DEN,PA (1),8.994692949
DEN,PI,9.855941115
DEN,TW,8.878395452
DEN,TZ,2.108779011
DEN,UA,10.58769978
DEN,US,5.546513914
DEN,WN,10.22291324
DEN,XE,4.843531713
DEN,YV,9.34777874
BGR,9E,9.001362398
BGR,CO,6.188605108
BGR,DH,2.419080919
BGR,DL,4.37976198
BGR,EV,25.25766871
BGR,MQ,9.602692883
BGR,OH,6.209449761
BGR,UA,4.887457462
BGR,US,6.913652275
BGR,XE,29.39335959
MSN,9E,6.99138368
MSN,AA,3.1773634
MSN,DH,5.48975265
MSN,EV,13.32957111
MSN,MQ,10.78851881
MSN,NW,2.409518876
MSN,OH,1.493808517
MSN,OO,10.16878186
MSN,TW,3.971450038
MSN,UA,5.870692212
MSN,US,1.039677976
MSN,XE,10.82690599
MSN,YV,22.05210325
DAB,AA,1.526512864
DAB,CO,12.05412534
DAB,DL,5.790200303
DAB,EA,4.93985137
DAB,EV,17.82490272
DAB,FL,5.810264386
DAB,OH,14.67219917
DAB,OO,1.290322581
DAB,PI,4.723609535
DAB,US,4.451469718
DAB,XE,19.05773597
DAB,YV,11.43367935
GCN,HP,3.930983847
TUS,AA,5.401564069
TUS,AS,5.782235902
TUS,B6,14.42086957
TUS,CO,3.686740212
TUS,DL,4.73535998
TUS,EA,7.585221675
TUS,EV,3.979381443
TUS,F9,1.588194921
TUS,HP,5.556585389
TUS,NW,2.221694513
TUS,OO,3.882663999
TUS,PS,4.52154195
TUS,TW,3.284028656
TUS,UA,6.403334694
TUS,US,2.845844118
TUS,WN,8.766727758
TUS,XE,4.854772173
TUS,YV,4.559682566
CSG,DL,4.456081946
CSG,EV,9.031491944
SAT,9E,5.98053528
SAT,AA,5.130107683
SAT,CO,5.608855925
SAT,DL,5.910672631
SAT,EA,6.210449927
SAT,EV,9.822662602
SAT,F9,2.03363472
SAT,FL,11.8946281
SAT,HP,4.518902675
SAT,MQ,4.665205479
SAT,NW,1.15403381
SAT,OH,7.567802585
SAT,OO,7.74618819
SAT,PA (1),1.112443778
SAT,TW,2.478819385
SAT,UA,6.598022963
SAT,US,3.370464188
SAT,WN,7.046576714
SAT,XE,4.257690075
SAT,YV,3.248728618
ROP,CO,-2.062944718
MKE,9E,3.695652174
MKE,AA,2.920473083
MKE,CO,3.626748822
MKE,DH,6.296100463
MKE,DL,4.420472022
MKE,EA,6.600720504
MKE,EV,13.76159395
MKE,F9,3.314079422
MKE,FL,8.578983946
MKE,HP,7.097412255
MKE,MQ,8.762867312
MKE,NW,3.865969787
MKE,OH,5.765161058
MKE,OO,11.66316834
MKE,TW,4.730645161
MKE,UA,4.600138841
MKE,US,3.660795332
MKE,XE,10.14693593
MKE,YV,21.77114428
LIT,9E,8.464654488
LIT,AA,2.40559114
LIT,CO,6.875
LIT,DL,6.548320193
LIT,EV,11.81679148
LIT,MQ,11.41531874
LIT,NW,1.118386977
LIT,OH,5.686818981
LIT,OO,7.586206897
LIT,TW,4.953936183
LIT,UA,4.437992463
LIT,US,2.002720079
LIT,WN,8.512428822
LIT,XE,6.743270869
LIT,YV,2.551912568
SPN,CO,2.580244313
SPN,UA,-6.361290323
BUR,AA,3.435891518
BUR,AS,6.892566654
BUR,B6,10.26325503
BUR,CO,4.514405448
BUR,DL,2.300123609
BUR,HP,3.898627035
BUR,OO,7.455795467
BUR,PS,3.624242424
BUR,TW,5.429317094
BUR,UA,8.833428123
BUR,US,5.360247098
BUR,WN,6.839785352
BUR,YV,3.365987461
DRO,AA,8.583224115
DRO,HP,5.103178607
DRO,MQ,1.961038961
DRO,OO,3.780727784
DRO,XE,4.179775281
DRO,YV,5.847256407
GJT,AA,70
GJT,CO,2.864504171
GJT,HP,4.404356436
GJT,MQ,9.182773109
GJT,OO,5.66080151
GJT,YV,9.245038412
MSO,9E,52.5
MSO,CO,5.802907916
MSO,DL,5.09793846
MSO,EV,3.076923077
MSO,NW,2.904789677
MSO,OO,2.984237682
MSO,UA,4.446808511
BET,AS,9.924264706
BFI,CO,28
VLD,EV,11.60975963
DLG,AS,11.36989393
PNS,9E,5.092394079
PNS,AA,0.922683706
PNS,CO,3.534229008
PNS,DL,6.280250301
PNS,EA,5.876595745
PNS,EV,13.73718161
PNS,FL,11.44616004
PNS,MQ,10.1603544
PNS,OH,6.204192022
PNS,OO,3.424170616
PNS,PI,7.91522763
PNS,US,3.126303161
PNS,XE,4.014429023
PNS,YV,3.840842598
PHL,9E,14.37250929
PHL,AA,6.873748367
PHL,CO,4.688501935
PHL,DH,10.38395516
PHL,DL,7.815797098
PHL,EA,12.07238751
PHL,EV,14.87079408
PHL,F9,6.640662894
PHL,FL,13.22853591
PHL,HP,9.942625507
PHL,ML (1),6.654383736
PHL,MQ,9.786769743
PHL,NW,5.403831489
PHL,OH,14.50127578
PHL,OO,7.851320755
PHL,PA (1),6.692829457
PHL,PI,7.247967909
PHL,TW,7.337547289
PHL,TZ,5.646233974
PHL,UA,8.888845807
PHL,US,12.1793109
PHL,WN,15.30254264
PHL,XE,5.265394737
PHL,YV,19.31587456
TVL,AA,3.852252882
MDT,9E,10.84123077
MDT,AA,5.587146396
MDT,DH,7.397770527
MDT,DL,6.016195542
MDT,EA,12.8428246
MDT,EV,13.29679038
MDT,MQ,12.39521301
MDT,NW,0.513435409
MDT,OH,7.788275051
MDT,OO,18.95384615
MDT,TW,3.915982934
MDT,UA,8.693570516
MDT,US,2.827639941
MDT,XE,-4.141475827
MDT,YV,15.49588436
BQK,EV,9.051587302
BIL,9E,13.425
BIL,CO,4.937890551
BIL,DL,4.497811459
BIL,EV,4.705099778
BIL,NW,0.392355641
BIL,OH,1.29566855
BIL,OO,2.950566751
BIL,UA,5.779523127
BIL,XE,4.418181818
BIL,YV,-0.12
ILM,EV,12.38695143
ILM,OH,14.31700288
ILM,PI,5.758237473
ILM,UA,3.879464286
ILM,US,2.251758255
ILM,YV,5.047713718
CAE,9E,7.313492063
CAE,AA,2.372787611
CAE,CO,9.932075472
CAE,DH,9.96
CAE,DL,8.275128947
CAE,EA,5.191314837
CAE,EV,12.61787051
CAE,MQ,7.661157025
CAE,OH,8.540593097
CAE,PI,6.850368809
CAE,UA,8.435588655
CAE,US,3.119654116
CAE,XE,15.59806328
CAE,YV,21.12524023
TPA,9E,11.25
TPA,AA,6.134407428
TPA,B6,11.49183435
TPA,CO,8.19595259
TPA,DH,6.964747356
TPA,DL,6.281137253
TPA,EA,8.958721058
TPA,EV,5.597405776
TPA,F9,3.799204771
TPA,FL,6.52030498
TPA,HP,11.40132098
TPA,ML (1),8.205607477
TPA,MQ,5.688615123
TPA,NW,4.593336433
TPA,OH,18.03041074
TPA,PA (1),4.824770146
TPA,PI,8.221355073
TPA,TW,6.593336992
TPA,TZ,32
TPA,UA,8.20806424
TPA,US,7.270927673
TPA,WN,8.810447624
TPA,XE,2.172751558
MYR,9E,9.799256506
MYR,AA,-0.988683128
MYR,CO,15.73914807
MYR,DL,7.605442177
MYR,EV,14.53555383
MYR,FL,12.30402542
MYR,NW,1.074476338
MYR,OH,6.365099269
MYR,PI,6.297015237
MYR,US,2.083642948
MYR,XE,13.66561514
MYR,YV,9.659412097
CDV,AS,8.101824687
CRW,9E,-0.141463415
CRW,DH,4.630465225
CRW,EV,12.61577636
CRW,OH,2.745511319
CRW,OO,16.65706283
CRW,PI,5.906162162
CRW,UA,-0.133333333
CRW,US,5.287300329
CRW,XE,4.432150313
CRW,YV,8.56
MFE,AA,4.263289797
MFE,CO,4.674346071
MFE,EV,16.7019544
MFE,TW,-0.481338481
MFE,XE,4.532102273
HHH,EV,20.1005354
MGM,9E,4.581996896
MGM,DL,5.613135501
MGM,EV,13.42038332
MGM,NW,3.661764706
MGM,OO,0.032967033
MGM,US,1.325034578
MGM,XE,5.100101112
MGM,YV,2.236363636
BRO,CO,2.109018568
BRO,XE,3.329475834
MAF,AA,2.808212381
MAF,CO,3.184216726
MAF,EV,3.772563177
MAF,HP,4.592392528
MAF,MQ,7.270962787
MAF,WN,5.662060437
MAF,XE,4.673702225
ORF,9E,13.21878716
ORF,AA,4.74558375
ORF,CO,8.088838909
ORF,DH,9.665663045
ORF,DL,5.617391162
ORF,EA,4.731290251
ORF,EV,13.99438428
ORF,MQ,11.02183267
ORF,NW,5.231139967
ORF,OH,10.88576082
ORF,OO,17.36742268
ORF,PA (1),0
ORF,PI,9.851044159
ORF,TW,3.620723946
ORF,UA,8.783035884
ORF,US,6.111656666
ORF,WN,7.300682261
ORF,XE,10.77137642
ORF,YV,15.5573798
CMH,9E,8.4125387
CMH,AA,3.51392626
CMH,B6,15.55460493
CMH,CO,8.494556654
CMH,DH,3.491114701
CMH,DL,4.71344134
CMH,EA,5.937389381
CMH,EV,11.37179487
CMH,HP,11.55397786
CMH,ML (1),4.366459627
CMH,MQ,12.40836313
CMH,NW,4.041555005
CMH,OH,10.53271725
CMH,OO,8.062805873
CMH,PI,5.201294879
CMH,TW,6.159097425
CMH,UA,8.618599326
CMH,US,5.993296354
CMH,WN,8.130782647
CMH,XE,9.202106423
CMH,YV,7.961191336
ANI,AS,6.894366197
HOU,9E,7.753358925
HOU,AA,6.942316669
HOU,B6,13.72288603
HOU,CO,4.875622131
HOU,DL,6.435804876
HOU,EA,7.632784251
HOU,EV,10.09490915
HOU,FL,11.00537875
HOU,MQ,8.059394881
HOU,NW,2.74727399
HOU,OH,6.69375
HOU,OO,7.26199262
HOU,PA (1),3.57795504
HOU,TW,6.741580157
HOU,TZ,22.99252336
HOU,UA,5.557840617
HOU,WN,9.490114185
HOU,XE,-4.244897959
MBS,9E,5.143175074
MBS,CO,2.464444444
MBS,DH,10.6214442
MBS,NW,0.803300562
MBS,OO,11.51375358
MBS,UA,7.553675514
MBS,US,2.776119403
MBS,YV,24.63651877
GRB,9E,7.752159827
GRB,DH,8.599056604
GRB,DL,-19
GRB,EV,8.781781782
GRB,MQ,11.4596401
GRB,NW,1.727730353
GRB,OH,1.971751412
GRB,OO,10.49100935
GRB,YV,24.59913378
OXR,OO,1.103174603
LGB,AA,3.424978876
LGB,AS,5.060428374
LGB,B6,4.872468694
LGB,CO,3.247674419
LGB,DL,3.333728512
LGB,HP,3.850830698
LGB,OO,1.181458003
LGB,PS,4.949704142
LGB,TW,4.357142857
LGB,UA,8.606885508
LGB,US,7.243918475
LGB,XE,1.760641579
LGB,YV,0.232607768
SBP,MQ,3.108358481
SBP,OO,7.302875584
SBP,YV,5.194248661
MFR,CO,17.89839572
MFR,OO,8.546996273
MFR,PS,8.461111111
MFR,UA,12.08309726
MFR,US,6.789768185
MFR,YV,4.050669773
PDX,AA,5.364008293
PDX,AS,6.237798558
PDX,B6,19.05064309
PDX,CO,5.416270328
PDX,DL,6.287429703
PDX,EA,9.164933135
PDX,EV,9.537074148
PDX,F9,4.998554615
PDX,HA,3.454954955
PDX,HP,6.915035587
PDX,NW,4.020009723
PDX,OO,1.875576325
PDX,PS,9.190045249
PDX,TW,5.676950896
PDX,UA,9.086227173
PDX,US,6.833710123
PDX,WN,8.231707239
PDX,XE,5.234234234
PDX,YV,5.696428571
MRY,MQ,0.893011965
MRY,OO,8.148493889
MRY,PS,1.733656174
MRY,UA,8.433938337
MRY,US,1.833274461
MRY,XE,6.18499044
MRY,YV,2.55821501
GPT,9E,4.566129032
GPT,CO,1.196587537
GPT,DL,9.149525894
GPT,EV,12.16908862
GPT,FL,8.09630102
GPT,MQ,13.96131261
GPT,NW,1.977510511
GPT,OH,12.17647059
GPT,XE,5.279152757
ISO,EV,13.11345455
ISO,PI,4.518483856
ISO,US,1.926586261
SMF,AA,3.995824718
SMF,AQ,-1.900236128
SMF,AS,10.45648097
SMF,B6,5.015421899
SMF,CO,3.984016139
SMF,DL,5.043759964
SMF,EV,8.043349754
SMF,F9,2.57050393
SMF,HA,6.642494929
SMF,HP,4.554977671
SMF,NW,4.462303962
SMF,OO,9.503746104
SMF,PS,2.418936446
SMF,TW,7.385623056
SMF,UA,7.30026567
SMF,US,4.131731669
SMF,WN,8.485720616
SMF,XE,6.637403075
SMF,YV,-0.07195301
ASE,OO,13.29388533
ASE,YV,11.14612229
PIH,EV,0
PIH,OO,0.537814323
INL,9E,6.168539326
MCI,9E,9.110162003
MCI,AA,6.566757904
MCI,CO,5.58680899
MCI,DL,6.045481902
MCI,EA,10.78143146
MCI,EV,7.092755751
MCI,F9,2.76980057
MCI,FL,6.355410924
MCI,HP,7.53911721
MCI,ML (1),4.126848692
MCI,MQ,8.549082203
MCI,NW,2.188091457
MCI,OH,6.739460748
MCI,OO,7.511990987
MCI,PA (1),2.003610108
MCI,PI,12.19156062
MCI,TW,5.702022996
MCI,UA,8.191401574
MCI,US,5.72603713
MCI,WN,8.949521726
MCI,XE,6.650468108
MCI,YV,13.03162512
CID,9E,6.979241231
CID,AA,0.348401323
CID,CO,3.666666667
CID,DH,7.359214636
CID,EV,16.67578947
CID,HP,5.357053994
CID,MQ,7.099657844
CID,NW,1.763489892
CID,OH,0.829683698
CID,OO,12.9287806
CID,TW,3.172795684
CID,UA,6.492954448
CID,YV,21.22109918
ANC,AA,19.20911722
ANC,AS,8.286531345
ANC,CO,8.273071557
ANC,DL,7.191969512
ANC,F9,16.2248366
ANC,HA,4.083333333
ANC,HP,11.16420752
ANC,NW,3.803099362
ANC,TW,7.496412264
ANC,UA,7.891141512
ANC,US,14.08503203
ACK,AA,7.3
ACK,B6,45.76987448
ACK,CO,21.00892857
ACK,OH,28.7755102
ACK,XE,24.50980392
PVU,EV,0
PVU,OO,null
SCC,AS,7.918230563
ACT,MQ,1.335365854
ACT,OO,4.97997269
SUX,9E,8.061538462
SUX,HP,4.994945848
SUX,NW,1.457671382
SUX,OO,420
SUX,TW,4.131772009
SUX,UA,2.173367761
RST,9E,5.07191393
RST,AA,4.189033722
RST,MQ,10.12677197
RST,NW,-0.210030307
RST,TW,3.056603774
LMT,OO,10.65037594
GLH,9E,-5.5
IYK,OO,-0.448635495
PWM,9E,12.23407202
PWM,B6,16.33749026
PWM,CO,8.062483045
PWM,DH,10.14347826
PWM,DL,3.993031659
PWM,EV,18.2425187
PWM,FL,3.902043269
PWM,MQ,8.424002015
PWM,NW,5.878125
PWM,OH,9.607451109
PWM,OO,6.966666667
PWM,TW,2.703007519
PWM,UA,7.817151134
PWM,US,6.906807547
PWM,XE,14.31754069
PWM,YV,14.87546934
JAN,9E,5.887319523
JAN,AA,2.299600639
JAN,DL,7.237045745
JAN,EV,9.995398773
JAN,MQ,7.454357626
JAN,NW,0.58383124
JAN,OH,3.04828614
JAN,OO,4.975845411
JAN,TW,5.869104909
JAN,UA,4.575974543
JAN,WN,7.836512833
JAN,XE,5.644699786
JAN,YV,11.66666667
ADK,AS,23.27083333
OAK,AA,4.633330417
OAK,AQ,5.834532374
OAK,AS,5.295090299
OAK,B6,3.809799483
OAK,CO,4.541584055
OAK,DL,5.173769757
OAK,EV,10.66772872
OAK,HA,-16.66666667
OAK,HP,4.432789541
OAK,MQ,6.418416801
OAK,NW,2.236910995
OAK,OO,4.537022269
OAK,PS,2.141666667
OAK,TZ,10.3943662
OAK,UA,6.976078696
OAK,US,4.222584026
OAK,WN,8.506378722
OAK,XE,9.872151899
OAK,YV,1.032396088
RDR,NW,-1.326086957
AUS,9E,5.541053631
AUS,AA,5.05856961
AUS,B6,11.03453453
AUS,CO,4.769591472
AUS,DH,2.84223301
AUS,DL,6.429179706
AUS,EV,10.62719532
AUS,F9,1.960406929
AUS,HP,4.247922927
AUS,MQ,8.331412578
AUS,NW,1.06460022
AUS,OH,10.07550505
AUS,OO,8.775434643
AUS,PA (1),1.294736842
AUS,TW,3.661226921
AUS,UA,6.548478879
AUS,US,2.45404361
AUS,WN,6.801319354
AUS,XE,2.50876647
AUS,YV,7.894874306
IAD,9E,9.551326413
IAD,AA,4.851711457
IAD,AS,6.644610459
IAD,B6,10.41565843
IAD,CO,6.586331286
IAD,DH,9.471178153
IAD,DL,6.856455715
IAD,EA,12.78133705
IAD,EV,12.98971429
IAD,FL,10.22312045
IAD,HP,8.934213421
IAD,MQ,13.06096374
IAD,NW,3.634117989
IAD,OH,11.02840743
IAD,OO,28.71428571
IAD,PA (1),21.70419063
IAD,TW,5.348087607
IAD,UA,9.775943775
IAD,US,7.463986082
IAD,WN,8.913542283
IAD,XE,10.82653599
IAD,YV,21.07415622
FAT,AA,4.629073879
FAT,CO,9.169565217
FAT,DL,6.098075701
FAT,F9,-1.416666667
FAT,HP,3.491319444
FAT,MQ,1.588491296
FAT,OO,7.619469839
FAT,PS,1.885985748
FAT,UA,6.568501171
FAT,US,2.474596677
FAT,XE,0.656222418
FAT,YV,3.975884499
CHS,9E,5.99375
CHS,AA,1.394939759
CHS,CO,6.146428246
CHS,DH,7.700670435
CHS,DL,7.31325216
CHS,EA,4.698913043
CHS,EV,9.761484099
CHS,FL,5.6606093
CHS,MQ,12.95044869
CHS,NW,3.670756646
CHS,OH,8.185460526
CHS,OO,15.38259259
CHS,PI,7.416641946
CHS,UA,4.917118644
CHS,US,3.118977035
CHS,XE,13.32664815
CHS,YV,12.73115401
MLB,AA,1.670772479
MLB,CO,8.376070945
MLB,DL,3.666804994
MLB,EA,5.139434048
MLB,EV,11.12056862
MLB,OH,9.034010392
MLB,PI,4.152777778
MLB,US,4.042765577
AGS,CO,2.571428571
AGS,DL,5.657699375
AGS,EV,12.76235326
AGS,OH,5.113712375
AGS,PI,4.203587444
AGS,US,2.337549243
AGS,XE,12.70030426
AGS,YV,8.285714286
STL,9E,7.832686198
STL,AA,4.800773042
STL,CO,7.699072638
STL,DH,10.13039014
STL,DL,6.366815604
STL,EA,7.152874405
STL,EV,13.86878769
STL,F9,2.487257423
STL,FL,4.491848907
STL,HP,7.22080159
STL,ML (1),6.077395577
STL,MQ,9.32144247
STL,NW,3.457652823
STL,OH,6.426581137
STL,OO,11.57656827
STL,PI,4.839169139
STL,TW,9.025520702
STL,UA,8.290921055
STL,US,5.368590569
STL,WN,10.63949779
STL,XE,10.20427152
STL,YV,7.451979472
BLI,AS,6.188246097
BLI,OO,1.327256153
BLI,PS,3
BLI,US,4.265923567
TRI,DH,5.653061224
TRI,DL,19.23684662
TRI,EV,10.42058256
TRI,OH,3.5108
TRI,PI,3.851184834
TRI,US,2.74330723
TRI,YV,-0.02962963
AKN,AS,10.53757753
PSC,DL,2.970392105
PSC,EV,8.198757764
PSC,OO,2.705860806
PSC,PS,0.64516129
PSC,US,7.001180638
SUN,HP,14.53846154
SUN,OO,1.146424785
STX,9E,21.36734694
STX,AA,4.001315382
STX,CO,5.509355509
STX,DL,1.859396433
STX,EA,13.24190476
STX,ML (1),6.686915888
STX,MQ,9.869047619
STX,PA (1),0.980065666
STX,US,3.321049693
BRW,AS,11.13891499
BJI,9E,5.368983957
TEX,YV,10.59459459
YKM,AA,30
YKM,OO,5.009408602
YKM,PS,1.606382979
YKM,US,1.206756757
DLH,9E,6.374340949
DLH,MQ,7.68956044
DLH,NW,3.400319572
FSM,9E,1.73566879
FSM,EV,12.11320755
FSM,MQ,3.976084313
MTJ,AA,7.283246978
MTJ,CO,2.887279597
MTJ,DL,24.55882353
MTJ,MQ,15.03863299
MTJ,OO,4.613514095
MTJ,UA,7.882797732
MTJ,XE,1.776859504
MTJ,YV,3.563983248
LWB,AA,-0.630952381
LWB,EV,10.40690282
LWB,US,2.403017241
SGF,9E,8.074763407
SGF,AA,1.154676259
SGF,CO,4.536486486
SGF,DH,9.910958904
SGF,EV,11.56676558
SGF,HP,3.085427136
SGF,MQ,9.792553191
SGF,NW,4.130769231
SGF,OH,3.018489171
SGF,OO,14.79680405
SGF,TW,3.49647172
SGF,UA,6.012250045
VIS,OO,0.140997831
GRR,9E,8.817149347
GRR,AA,4.97275705
GRR,DH,15.33462033
GRR,DL,4.363012113
GRR,EV,14.23260726
GRR,MQ,8.99037957
GRR,NW,3.267580854
GRR,OH,2.326746725
GRR,OO,6.082422729
GRR,PI,8.262645012
GRR,TW,2.636861314
GRR,UA,7.685178897
GRR,US,4.194438888
GRR,XE,7.796080096
GRR,YV,19.21719457
PSE,AA,-0.9375
PSE,B6,2.573652029
PSE,CO,0.969594595
PSE,EA,22.96721311